Transaction ID,Date,Customer ID,Gender,Age,Product Category,Quantity,Price per Unit,Total Amount,Month Name,Day Name,age group
1,11/24/2023,CUST001,Male,34,Beauty,3,50,150,November,Friday,25-34
2,2/27/2023,CUST002,Female,26,Clothing,2,500,1000,February,Monday,25-34
3,1/13/2023,CUST003,Male,50,Electronics,1,30,30,January,Friday,45-54
4,5/21/2023,CUST004,Male,37,Clothing,1,500,500,May,Sunday,35-44
5,5/6/2023,CUST005,Male,30,Beauty,2,50,100,May,Saturday,25-34
6,4/25/2023,CUST006,Female,45,Beauty,1,30,30,April,Tuesday,45-54
7,3/13/2023,CUST007,Male,46,Clothing,2,25,50,March,Monday,45-54
8,2/22/2023,CUST008,Male,30,Electronics,4,25,100,February,Wednesday,25-34
9,12/13/2023,CUST009,Male,63,Electronics,2,300,600,December,Wednesday,55-64
10,10/7/2023,CUST010,Female,52,Clothing,4,50,200,October,Saturday,45-54
11,2/14/2023,CUST011,Male,23,Clothing,2,50,100,February,Tuesday,18-24
12,10/30/2023,CUST012,Male,35,Beauty,3,25,75,October,Monday,35-44
13,8/5/2023,CUST013,Male,22,Electronics,3,500,1500,August,Saturday,18-24
14,1/17/2023,CUST014,Male,64,Clothing,4,30,120,January,Tuesday,55-64
15,1/16/2023,CUST015,Female,42,Electronics,4,500,2000,January,Monday,35-44
16,2/17/2023,CUST016,Male,19,Clothing,3,500,1500,February,Friday,18-24
17,4/22/2023,CUST017,Female,27,Clothing,4,25,100,April,Saturday,25-34
18,4/30/2023,CUST018,Female,47,Electronics,2,25,50,April,Sunday,45-54
19,9/16/2023,CUST019,Female,62,Clothing,2,25,50,September,Saturday,55-64
20,11/5/2023,CUST020,Male,22,Clothing,3,300,900,November,Sunday,18-24
21,1/14/2023,CUST021,Female,50,Beauty,1,500,500,January,Saturday,45-54
22,10/15/2023,CUST022,Male,18,Clothing,2,50,100,October,Sunday,18-24
23,4/12/2023,CUST023,Female,35,Clothing,4,30,120,April,Wednesday,35-44
24,11/29/2023,CUST024,Female,49,Clothing,1,300,300,November,Wednesday,45-54
25,12/26/2023,CUST025,Female,64,Beauty,1,50,50,December,Tuesday,55-64
26,10/7/2023,CUST026,Female,28,Electronics,2,500,1000,October,Saturday,25-34
27,8/3/2023,CUST027,Female,38,Beauty,2,25,50,August,Thursday,35-44
28,4/23/2023,CUST028,Female,43,Beauty,1,500,500,April,Sunday,35-44
29,8/18/2023,CUST029,Female,42,Electronics,1,30,30,August,Friday,35-44
30,10/29/2023,CUST030,Female,39,Beauty,3,300,900,October,Sunday,35-44
31,5/23/2023,CUST031,Male,44,Electronics,4,300,1200,May,Tuesday,35-44
32,1/4/2023,CUST032,Male,30,Beauty,3,30,90,January,Wednesday,25-34
33,3/23/2023,CUST033,Female,50,Electronics,2,50,100,March,Thursday,45-54
34,12/24/2023,CUST034,Female,51,Clothing,3,50,150,December,Sunday,45-54
35,8/5/2023,CUST035,Female,58,Beauty,3,300,900,August,Saturday,55-64
36,6/24/2023,CUST036,Male,52,Beauty,3,300,900,June,Saturday,45-54
37,5/23/2023,CUST037,Female,18,Beauty,3,25,75,May,Tuesday,18-24
38,3/21/2023,CUST038,Male,38,Beauty,4,50,200,March,Tuesday,35-44
39,4/21/2023,CUST039,Male,23,Clothing,4,30,120,April,Friday,18-24
40,6/22/2023,CUST040,Male,45,Beauty,1,50,50,June,Thursday,45-54
41,2/22/2023,CUST041,Male,34,Clothing,2,25,50,February,Wednesday,25-34
42,2/17/2023,CUST042,Male,22,Clothing,3,300,900,February,Friday,18-24
43,7/14/2023,CUST043,Female,48,Clothing,1,300,300,July,Friday,45-54
44,2/19/2023,CUST044,Female,22,Clothing,1,25,25,February,Sunday,18-24
45,7/3/2023,CUST045,Female,55,Electronics,1,30,30,July,Monday,55-64
46,6/26/2023,CUST046,Female,20,Electronics,4,300,1200,June,Monday,18-24
47,11/6/2023,CUST047,Female,40,Beauty,3,500,1500,November,Monday,35-44
48,5/16/2023,CUST048,Male,54,Electronics,3,300,900,May,Tuesday,45-54
49,1/23/2023,CUST049,Female,54,Electronics,2,500,1000,January,Monday,45-54
50,8/24/2023,CUST050,Female,27,Beauty,3,25,75,August,Thursday,25-34
51,10/2/2023,CUST051,Male,27,Beauty,3,25,75,October,Monday,25-34
52,3/5/2023,CUST052,Female,36,Beauty,1,300,300,March,Sunday,35-44
53,7/13/2023,CUST053,Male,34,Electronics,2,50,100,July,Thursday,25-34
54,2/10/2023,CUST054,Female,38,Electronics,3,500,1500,February,Friday,35-44
55,10/10/2023,CUST055,Male,31,Beauty,4,30,120,October,Tuesday,25-34
56,5/31/2023,CUST056,Female,26,Clothing,3,300,900,May,Wednesday,25-34
57,11/18/2023,CUST057,Female,63,Beauty,1,30,30,November,Saturday,55-64
58,11/13/2023,CUST058,Male,18,Clothing,4,300,1200,November,Monday,18-24
59,7/5/2023,CUST059,Male,62,Clothing,1,50,50,July,Wednesday,55-64
60,10/23/2023,CUST060,Male,30,Beauty,3,50,150,October,Monday,25-34
61,4/9/2023,CUST061,Male,21,Beauty,4,50,200,April,Sunday,18-24
62,12/27/2023,CUST062,Male,18,Beauty,2,50,100,December,Wednesday,18-24
63,2/5/2023,CUST063,Male,57,Electronics,2,25,50,February,Sunday,55-64
64,1/24/2023,CUST064,Male,49,Clothing,4,25,100,January,Tuesday,45-54
65,12/5/2023,CUST065,Male,51,Electronics,4,500,2000,December,Tuesday,45-54
66,4/27/2023,CUST066,Female,45,Electronics,1,30,30,April,Thursday,45-54
67,5/29/2023,CUST067,Female,48,Beauty,4,300,1200,May,Monday,45-54
68,2/10/2023,CUST068,Male,25,Electronics,1,300,300,February,Friday,25-34
69,4/30/2023,CUST069,Female,56,Beauty,3,25,75,April,Sunday,55-64
70,2/21/2023,CUST070,Female,43,Clothing,1,300,300,February,Tuesday,35-44
71,7/14/2023,CUST071,Female,51,Beauty,4,25,100,July,Friday,45-54
72,5/23/2023,CUST072,Female,20,Electronics,4,500,2000,May,Tuesday,18-24
73,8/21/2023,CUST073,Male,29,Electronics,3,30,90,August,Monday,25-34
74,11/22/2023,CUST074,Female,18,Beauty,4,500,2000,November,Wednesday,18-24
75,7/6/2023,CUST075,Male,61,Beauty,4,50,200,July,Thursday,55-64
76,3/25/2023,CUST076,Female,22,Electronics,2,50,100,March,Saturday,18-24
77,7/9/2023,CUST077,Female,47,Clothing,2,50,100,July,Sunday,45-54
78,7/1/2023,CUST078,Female,47,Clothing,3,500,1500,July,Saturday,45-54
79,4/18/2023,CUST079,Male,34,Beauty,1,300,300,April,Tuesday,25-34
80,12/10/2023,CUST080,Female,64,Clothing,2,30,60,December,Sunday,55-64
81,5/17/2023,CUST081,Male,40,Electronics,1,50,50,May,Wednesday,35-44
82,12/26/2023,CUST082,Female,32,Beauty,4,50,200,December,Tuesday,25-34
83,12/16/2023,CUST083,Male,54,Electronics,2,50,100,December,Saturday,45-54
84,11/28/2023,CUST084,Female,38,Electronics,3,30,90,November,Tuesday,35-44
85,2/6/2023,CUST085,Male,31,Clothing,3,50,150,February,Monday,25-34
86,11/8/2023,CUST086,Male,19,Beauty,3,30,90,November,Wednesday,18-24
87,11/22/2023,CUST087,Female,28,Beauty,2,50,100,November,Wednesday,25-34
88,3/29/2023,CUST088,Male,56,Clothing,1,500,500,March,Wednesday,55-64
89,10/1/2023,CUST089,Female,55,Electronics,4,500,2000,October,Sunday,55-64
90,5/6/2023,CUST090,Female,51,Electronics,1,30,30,May,Saturday,45-54
91,3/25/2023,CUST091,Female,55,Electronics,1,500,500,March,Saturday,55-64
92,8/25/2023,CUST092,Female,51,Electronics,4,30,120,August,Friday,45-54
93,7/14/2023,CUST093,Female,35,Beauty,4,500,2000,July,Friday,35-44
94,5/19/2023,CUST094,Female,47,Beauty,2,500,1000,May,Friday,45-54
95,11/24/2023,CUST095,Female,32,Clothing,2,30,60,November,Friday,25-34
96,12/19/2023,CUST096,Female,44,Clothing,2,300,600,December,Tuesday,35-44
97,10/13/2023,CUST097,Female,51,Beauty,2,500,1000,October,Friday,45-54
98,4/23/2023,CUST098,Female,55,Beauty,2,50,100,April,Sunday,55-64
99,12/17/2023,CUST099,Female,50,Electronics,4,300,1200,December,Sunday,45-54
100,6/16/2023,CUST100,Male,41,Electronics,1,30,30,June,Friday,35-44
101,1/29/2023,CUST101,Male,32,Clothing,2,300,600,January,Sunday,25-34
102,4/28/2023,CUST102,Female,47,Beauty,2,25,50,April,Friday,45-54
103,1/17/2023,CUST103,Female,59,Clothing,1,25,25,January,Tuesday,55-64
104,6/11/2023,CUST104,Female,34,Beauty,2,500,1000,June,Sunday,25-34
105,7/25/2023,CUST105,Female,22,Electronics,1,500,500,July,Tuesday,18-24
106,5/18/2023,CUST106,Female,46,Clothing,1,50,50,May,Thursday,45-54
107,2/3/2023,CUST107,Female,21,Clothing,4,300,1200,February,Friday,18-24
108,4/19/2023,CUST108,Female,27,Beauty,3,25,75,April,Wednesday,25-34
109,10/18/2023,CUST109,Female,34,Electronics,4,500,2000,October,Wednesday,25-34
110,6/11/2023,CUST110,Male,27,Clothing,3,300,900,June,Sunday,25-34
111,4/19/2023,CUST111,Female,34,Electronics,3,500,1500,April,Wednesday,25-34
112,12/2/2023,CUST112,Male,37,Clothing,3,500,1500,December,Saturday,35-44
113,9/13/2023,CUST113,Female,41,Electronics,2,25,50,September,Wednesday,35-44
114,7/22/2023,CUST114,Female,22,Beauty,4,25,100,July,Saturday,18-24
115,11/26/2023,CUST115,Male,51,Clothing,3,500,1500,November,Sunday,45-54
116,8/23/2023,CUST116,Female,23,Clothing,1,30,30,August,Wednesday,18-24
117,3/15/2023,CUST117,Male,19,Electronics,2,500,1000,March,Wednesday,18-24
118,5/16/2023,CUST118,Female,30,Electronics,4,500,2000,May,Tuesday,25-34
119,3/13/2023,CUST119,Female,60,Clothing,3,50,150,March,Monday,55-64
120,5/7/2023,CUST120,Male,60,Beauty,1,50,50,May,Sunday,55-64
121,10/15/2023,CUST121,Female,28,Electronics,4,50,200,October,Sunday,25-34
122,10/3/2023,CUST122,Male,64,Electronics,4,30,120,October,Tuesday,55-64
123,5/15/2023,CUST123,Female,40,Electronics,2,30,60,May,Monday,35-44
124,10/27/2023,CUST124,Male,33,Clothing,4,500,2000,October,Friday,25-34
125,8/8/2023,CUST125,Male,48,Clothing,2,50,100,August,Tuesday,45-54
126,10/26/2023,CUST126,Female,28,Clothing,3,30,90,October,Thursday,25-34
127,7/24/2023,CUST127,Female,33,Clothing,2,25,50,July,Monday,25-34
128,7/5/2023,CUST128,Male,25,Beauty,1,500,500,July,Wednesday,25-34
129,4/23/2023,CUST129,Female,21,Beauty,2,300,600,April,Sunday,18-24
130,3/12/2023,CUST130,Female,57,Clothing,1,500,500,March,Sunday,55-64
131,9/18/2023,CUST131,Female,21,Beauty,2,300,600,September,Monday,18-24
132,9/10/2023,CUST132,Male,42,Electronics,4,50,200,September,Sunday,35-44
133,2/16/2023,CUST133,Male,20,Electronics,3,300,900,February,Thursday,18-24
134,1/25/2023,CUST134,Male,49,Electronics,1,50,50,January,Wednesday,45-54
135,2/26/2023,CUST135,Male,20,Clothing,2,25,50,February,Sunday,18-24
136,3/20/2023,CUST136,Male,44,Electronics,2,300,600,March,Monday,35-44
137,11/18/2023,CUST137,Male,46,Beauty,2,500,1000,November,Saturday,45-54
138,3/23/2023,CUST138,Male,49,Clothing,4,50,200,March,Thursday,45-54
139,12/15/2023,CUST139,Male,36,Beauty,4,500,2000,December,Friday,35-44
140,8/5/2023,CUST140,Male,38,Electronics,1,30,30,August,Saturday,35-44
141,11/2/2023,CUST141,Female,22,Electronics,1,50,50,November,Thursday,18-24
142,2/2/2023,CUST142,Male,35,Electronics,4,300,1200,February,Thursday,35-44
143,7/17/2023,CUST143,Female,45,Clothing,1,50,50,July,Monday,45-54
144,7/15/2023,CUST144,Female,59,Beauty,3,500,1500,July,Saturday,55-64
145,11/2/2023,CUST145,Female,39,Clothing,3,25,75,November,Thursday,35-44
146,8/28/2023,CUST146,Male,38,Clothing,4,50,200,August,Monday,35-44
147,9/28/2023,CUST147,Male,23,Electronics,1,300,300,September,Thursday,18-24
148,5/9/2023,CUST148,Male,18,Clothing,2,30,60,May,Tuesday,18-24
149,10/11/2023,CUST149,Male,22,Clothing,3,25,75,October,Wednesday,18-24
150,1/6/2023,CUST150,Female,58,Electronics,4,30,120,January,Friday,55-64
151,12/15/2023,CUST151,Male,29,Clothing,1,50,50,December,Friday,25-34
152,2/28/2023,CUST152,Male,43,Electronics,4,500,2000,February,Tuesday,35-44
153,12/16/2023,CUST153,Male,63,Electronics,2,500,1000,December,Saturday,55-64
154,10/2/2023,CUST154,Male,51,Electronics,3,300,900,October,Monday,45-54
155,5/17/2023,CUST155,Male,31,Electronics,4,500,2000,May,Wednesday,25-34
156,11/25/2023,CUST156,Female,43,Clothing,4,25,100,November,Saturday,35-44
157,6/24/2023,CUST157,Male,62,Electronics,4,500,2000,June,Saturday,55-64
158,2/27/2023,CUST158,Female,44,Electronics,2,300,600,February,Monday,35-44
159,5/31/2023,CUST159,Male,26,Clothing,4,50,200,May,Wednesday,25-34
160,8/11/2023,CUST160,Female,43,Clothing,2,50,100,August,Friday,35-44
161,3/22/2023,CUST161,Male,64,Beauty,2,500,1000,March,Wednesday,55-64
162,8/21/2023,CUST162,Male,39,Clothing,2,30,60,August,Monday,35-44
163,1/2/2023,CUST163,Female,64,Clothing,3,50,150,January,Monday,55-64
164,5/15/2023,CUST164,Female,47,Beauty,3,500,1500,May,Monday,45-54
165,9/14/2023,CUST165,Female,60,Clothing,4,300,1200,September,Thursday,55-64
166,4/2/2023,CUST166,Male,34,Clothing,4,500,2000,April,Sunday,25-34
167,9/17/2023,CUST167,Female,43,Clothing,3,50,150,September,Sunday,35-44
168,2/24/2023,CUST168,Male,53,Clothing,1,300,300,February,Friday,45-54
169,11/17/2023,CUST169,Male,18,Beauty,3,500,1500,November,Friday,18-24
170,6/2/2023,CUST170,Female,25,Clothing,2,25,50,June,Friday,25-34
171,11/24/2023,CUST171,Female,52,Clothing,3,300,900,November,Friday,45-54
172,9/17/2023,CUST172,Male,32,Beauty,2,25,50,September,Sunday,25-34
173,11/8/2023,CUST173,Male,64,Electronics,4,30,120,November,Wednesday,55-64
174,4/12/2023,CUST174,Female,39,Beauty,1,300,300,April,Wednesday,35-44
175,3/20/2023,CUST175,Female,31,Electronics,4,25,100,March,Monday,25-34
176,7/11/2023,CUST176,Female,43,Beauty,2,50,100,July,Tuesday,35-44
177,3/24/2023,CUST177,Male,45,Beauty,2,50,100,March,Friday,45-54
178,10/4/2023,CUST178,Male,40,Clothing,2,30,60,October,Wednesday,35-44
179,9/29/2023,CUST179,Male,31,Electronics,1,300,300,September,Friday,25-34
180,1/1/2023,CUST180,Male,41,Clothing,3,300,900,January,Sunday,35-44
181,11/3/2023,CUST181,Male,19,Electronics,4,300,1200,November,Friday,18-24
182,6/15/2023,CUST182,Male,62,Beauty,4,30,120,June,Thursday,55-64
183,9/8/2023,CUST183,Female,43,Beauty,3,300,900,September,Friday,35-44
184,1/10/2023,CUST184,Male,31,Electronics,4,50,200,January,Tuesday,25-34
185,2/27/2023,CUST185,Male,24,Clothing,1,25,25,February,Monday,18-24
186,7/5/2023,CUST186,Male,20,Clothing,4,50,200,July,Wednesday,18-24
187,6/7/2023,CUST187,Female,64,Clothing,2,50,100,June,Wednesday,55-64
188,5/3/2023,CUST188,Male,40,Clothing,3,25,75,May,Wednesday,35-44
189,1/30/2023,CUST189,Male,63,Beauty,1,50,50,January,Monday,55-64
190,5/4/2023,CUST190,Female,60,Beauty,3,30,90,May,Thursday,55-64
191,10/18/2023,CUST191,Male,64,Beauty,1,25,25,October,Wednesday,55-64
192,2/10/2023,CUST192,Male,62,Beauty,2,50,100,February,Friday,55-64
193,2/13/2023,CUST193,Male,35,Beauty,3,500,1500,February,Monday,35-44
194,9/6/2023,CUST194,Male,55,Clothing,4,50,200,September,Wednesday,55-64
195,2/5/2023,CUST195,Male,52,Clothing,1,30,30,February,Sunday,45-54
196,9/30/2023,CUST196,Female,32,Clothing,3,300,900,September,Saturday,25-34
197,3/6/2023,CUST197,Female,42,Clothing,4,50,200,March,Monday,35-44
198,3/7/2023,CUST198,Female,54,Beauty,3,300,900,March,Tuesday,45-54
199,12/4/2023,CUST199,Male,45,Beauty,3,500,1500,December,Monday,45-54
200,9/1/2023,CUST200,Male,27,Beauty,3,50,150,September,Friday,25-34
201,10/9/2023,CUST201,Male,56,Electronics,1,25,25,October,Monday,55-64
202,3/26/2023,CUST202,Female,34,Clothing,4,300,1200,March,Sunday,25-34
203,5/16/2023,CUST203,Male,56,Clothing,2,500,1000,May,Tuesday,55-64
204,9/28/2023,CUST204,Male,39,Beauty,1,25,25,September,Thursday,35-44
205,11/7/2023,CUST205,Female,43,Clothing,1,25,25,November,Tuesday,35-44
206,8/5/2023,CUST206,Male,61,Clothing,1,25,25,August,Saturday,55-64
207,4/19/2023,CUST207,Female,42,Beauty,2,25,50,April,Wednesday,35-44
208,10/4/2023,CUST208,Female,34,Electronics,4,50,200,October,Wednesday,25-34
209,12/20/2023,CUST209,Female,30,Electronics,4,50,200,December,Wednesday,25-34
210,4/13/2023,CUST210,Male,37,Electronics,4,50,200,April,Thursday,35-44
211,1/1/2024,CUST211,Male,42,Beauty,3,500,1500,January,Monday,35-44
212,6/9/2023,CUST212,Male,21,Clothing,3,500,1500,June,Friday,18-24
213,7/24/2023,CUST213,Male,27,Beauty,3,500,1500,July,Monday,25-34
214,12/10/2023,CUST214,Male,20,Beauty,2,30,60,December,Sunday,18-24
215,11/29/2023,CUST215,Male,58,Clothing,3,500,1500,November,Wednesday,55-64
216,7/11/2023,CUST216,Male,62,Electronics,2,50,100,July,Tuesday,55-64
217,8/13/2023,CUST217,Female,35,Electronics,4,50,200,August,Sunday,35-44
218,9/22/2023,CUST218,Male,64,Beauty,3,30,90,September,Friday,55-64
219,8/20/2023,CUST219,Female,53,Electronics,3,30,90,August,Sunday,45-54
220,3/3/2023,CUST220,Male,64,Beauty,1,500,500,March,Friday,55-64
221,5/7/2023,CUST221,Male,39,Beauty,2,300,600,May,Sunday,35-44
222,4/26/2023,CUST222,Male,51,Clothing,4,30,120,April,Wednesday,45-54
223,2/2/2023,CUST223,Female,64,Clothing,1,25,25,February,Thursday,55-64
224,6/23/2023,CUST224,Female,25,Clothing,1,50,50,June,Friday,25-34
225,1/11/2023,CUST225,Female,57,Beauty,4,25,100,January,Wednesday,55-64
226,10/29/2023,CUST226,Female,61,Clothing,1,50,50,October,Sunday,55-64
227,10/11/2023,CUST227,Male,36,Electronics,2,50,100,October,Wednesday,35-44
228,4/28/2023,CUST228,Female,59,Electronics,2,30,60,April,Friday,55-64
229,10/29/2023,CUST229,Male,58,Beauty,3,30,90,October,Sunday,55-64
230,4/23/2023,CUST230,Male,54,Beauty,1,25,25,April,Sunday,45-54
231,1/4/2023,CUST231,Female,23,Clothing,3,50,150,January,Wednesday,18-24
232,2/6/2023,CUST232,Female,43,Beauty,1,25,25,February,Monday,35-44
233,12/29/2023,CUST233,Female,51,Beauty,2,300,600,December,Friday,45-54
234,11/20/2023,CUST234,Female,62,Electronics,2,25,50,November,Monday,55-64
235,1/31/2023,CUST235,Female,23,Electronics,2,500,1000,January,Tuesday,18-24
236,4/28/2023,CUST236,Female,54,Clothing,1,25,25,April,Friday,45-54
237,2/4/2023,CUST237,Female,50,Beauty,2,500,1000,February,Saturday,45-54
238,1/17/2023,CUST238,Female,39,Beauty,1,500,500,January,Tuesday,35-44
239,6/19/2023,CUST239,Male,38,Electronics,3,500,1500,June,Monday,35-44
240,2/6/2023,CUST240,Female,23,Beauty,1,300,300,February,Monday,18-24
241,9/21/2023,CUST241,Female,23,Electronics,3,25,75,September,Thursday,18-24
242,5/2/2023,CUST242,Male,21,Clothing,1,25,25,May,Tuesday,18-24
243,5/23/2023,CUST243,Female,47,Electronics,3,300,900,May,Tuesday,45-54
244,12/9/2023,CUST244,Male,28,Beauty,2,50,100,December,Saturday,25-34
245,9/6/2023,CUST245,Male,47,Clothing,3,30,90,September,Wednesday,45-54
246,4/20/2023,CUST246,Female,48,Electronics,2,25,50,April,Thursday,45-54
247,10/4/2023,CUST247,Male,41,Electronics,2,30,60,October,Wednesday,35-44
248,3/9/2023,CUST248,Male,26,Clothing,3,300,900,March,Thursday,25-34
249,10/20/2023,CUST249,Male,20,Clothing,1,50,50,October,Friday,18-24
250,10/23/2023,CUST250,Male,48,Electronics,1,50,50,October,Monday,45-54
251,8/31/2023,CUST251,Female,57,Beauty,4,50,200,August,Thursday,55-64
252,5/5/2023,CUST252,Male,54,Electronics,1,300,300,May,Friday,45-54
253,8/31/2023,CUST253,Female,53,Clothing,4,500,2000,August,Thursday,45-54
254,7/28/2023,CUST254,Male,41,Electronics,1,500,500,July,Friday,35-44
255,4/8/2023,CUST255,Male,48,Clothing,1,30,30,April,Saturday,45-54
256,2/18/2023,CUST256,Male,23,Clothing,2,500,1000,February,Saturday,18-24
257,2/19/2023,CUST257,Male,19,Beauty,4,500,2000,February,Sunday,18-24
258,12/4/2023,CUST258,Female,37,Clothing,1,50,50,December,Monday,35-44
259,8/9/2023,CUST259,Female,45,Clothing,4,50,200,August,Wednesday,45-54
260,7/1/2023,CUST260,Male,28,Beauty,2,30,60,July,Saturday,25-34
261,8/5/2023,CUST261,Male,21,Clothing,2,25,50,August,Saturday,18-24
262,7/30/2023,CUST262,Female,32,Beauty,4,30,120,July,Sunday,25-34
263,8/28/2023,CUST263,Male,23,Beauty,2,30,60,August,Monday,18-24
264,1/28/2023,CUST264,Male,47,Clothing,3,300,900,January,Saturday,45-54
265,12/11/2023,CUST265,Male,55,Clothing,3,300,900,December,Monday,55-64
266,12/1/2023,CUST266,Female,19,Electronics,2,30,60,December,Friday,18-24
267,11/27/2023,CUST267,Female,32,Beauty,3,30,90,November,Monday,25-34
268,2/20/2023,CUST268,Female,28,Electronics,1,30,30,February,Monday,25-34
269,2/1/2023,CUST269,Male,25,Clothing,4,500,2000,February,Wednesday,25-34
270,7/26/2023,CUST270,Male,43,Electronics,1,300,300,July,Wednesday,35-44
271,6/23/2023,CUST271,Female,62,Beauty,4,30,120,June,Friday,55-64
272,2/25/2023,CUST272,Female,61,Electronics,2,50,100,February,Saturday,55-64
273,5/8/2023,CUST273,Female,22,Beauty,1,50,50,May,Monday,18-24
274,4/9/2023,CUST274,Female,23,Clothing,2,500,1000,April,Sunday,18-24
275,4/8/2023,CUST275,Male,43,Clothing,2,500,1000,April,Saturday,35-44
276,10/2/2023,CUST276,Female,21,Beauty,4,25,100,October,Monday,18-24
277,8/18/2023,CUST277,Male,36,Clothing,4,25,100,August,Friday,35-44
278,3/13/2023,CUST278,Female,37,Clothing,4,25,100,March,Monday,35-44
279,8/5/2023,CUST279,Male,50,Clothing,1,500,500,August,Saturday,45-54
280,4/4/2023,CUST280,Female,37,Clothing,3,500,1500,April,Tuesday,35-44
281,5/23/2023,CUST281,Female,29,Beauty,4,500,2000,May,Tuesday,25-34
282,8/25/2023,CUST282,Female,64,Electronics,4,50,200,August,Friday,55-64
283,5/8/2023,CUST283,Female,18,Electronics,1,500,500,May,Monday,18-24
284,2/8/2023,CUST284,Male,43,Clothing,4,50,200,February,Wednesday,35-44
285,8/15/2023,CUST285,Female,31,Electronics,1,25,25,August,Tuesday,25-34
286,10/9/2023,CUST286,Male,55,Electronics,2,25,50,October,Monday,55-64
287,2/20/2023,CUST287,Male,54,Clothing,4,25,100,February,Monday,45-54
288,1/26/2023,CUST288,Male,28,Clothing,4,30,120,January,Thursday,25-34
289,11/30/2023,CUST289,Male,53,Electronics,2,30,60,November,Thursday,45-54
290,10/4/2023,CUST290,Female,30,Beauty,2,300,600,October,Wednesday,25-34
291,1/8/2023,CUST291,Male,60,Clothing,2,300,600,January,Sunday,55-64
292,2/17/2023,CUST292,Male,20,Beauty,4,300,1200,February,Friday,18-24
293,5/2/2023,CUST293,Male,50,Electronics,3,30,90,May,Tuesday,45-54
294,3/27/2023,CUST294,Female,23,Clothing,3,30,90,March,Monday,18-24
295,7/28/2023,CUST295,Female,27,Beauty,3,300,900,July,Friday,25-34
296,9/6/2023,CUST296,Female,22,Clothing,4,300,1200,September,Wednesday,18-24
297,9/4/2023,CUST297,Female,40,Electronics,2,500,1000,September,Monday,35-44
298,4/20/2023,CUST298,Male,27,Beauty,4,300,1200,April,Thursday,25-34
299,7/25/2023,CUST299,Male,61,Electronics,2,500,1000,July,Tuesday,55-64
300,1/31/2023,CUST300,Female,19,Electronics,4,50,200,January,Tuesday,18-24
301,3/26/2023,CUST301,Male,30,Clothing,4,30,120,March,Sunday,25-34
302,7/14/2023,CUST302,Male,57,Beauty,2,300,600,July,Friday,55-64
303,1/2/2023,CUST303,Male,19,Electronics,3,30,90,January,Monday,18-24
304,7/19/2023,CUST304,Female,37,Electronics,2,30,60,July,Wednesday,35-44
305,5/16/2023,CUST305,Female,18,Beauty,1,30,30,May,Tuesday,18-24
306,8/21/2023,CUST306,Male,54,Electronics,1,50,50,August,Monday,45-54
307,5/27/2023,CUST307,Female,26,Electronics,2,25,50,May,Saturday,25-34
308,8/5/2023,CUST308,Female,34,Beauty,4,300,1200,August,Saturday,25-34
309,12/23/2023,CUST309,Female,26,Beauty,1,25,25,December,Saturday,25-34
310,10/12/2023,CUST310,Female,28,Beauty,1,25,25,October,Thursday,25-34
311,12/5/2023,CUST311,Female,32,Beauty,4,25,100,December,Tuesday,25-34
312,9/7/2023,CUST312,Male,41,Clothing,4,30,120,September,Thursday,35-44
313,3/21/2023,CUST313,Female,55,Beauty,3,500,1500,March,Tuesday,55-64
314,4/8/2023,CUST314,Male,52,Clothing,4,30,120,April,Saturday,45-54
315,6/1/2023,CUST315,Male,47,Clothing,2,30,60,June,Thursday,45-54
316,4/22/2023,CUST316,Female,48,Clothing,2,25,50,April,Saturday,45-54
317,1/30/2023,CUST317,Male,22,Electronics,3,30,90,January,Monday,18-24
318,10/24/2023,CUST318,Male,61,Clothing,1,25,25,October,Tuesday,55-64
319,10/5/2023,CUST319,Male,31,Clothing,1,500,500,October,Thursday,25-34
320,2/1/2023,CUST320,Female,28,Electronics,4,300,1200,February,Wednesday,25-34
321,6/10/2023,CUST321,Female,26,Electronics,2,25,50,June,Saturday,25-34
322,1/30/2023,CUST322,Male,51,Electronics,1,500,500,January,Monday,45-54
323,1/26/2023,CUST323,Female,29,Beauty,3,300,900,January,Thursday,25-34
324,10/27/2023,CUST324,Female,52,Electronics,3,50,150,October,Friday,45-54
325,9/2/2023,CUST325,Female,52,Electronics,2,25,50,September,Saturday,45-54
326,9/15/2023,CUST326,Female,18,Clothing,3,25,75,September,Friday,18-24
327,9/29/2023,CUST327,Male,57,Electronics,3,50,150,September,Friday,55-64
328,3/22/2023,CUST328,Male,39,Beauty,2,50,100,March,Wednesday,35-44
329,1/30/2023,CUST329,Female,46,Electronics,4,25,100,January,Monday,45-54
330,9/18/2023,CUST330,Female,25,Beauty,4,50,200,September,Monday,25-34
331,2/11/2023,CUST331,Male,28,Electronics,3,30,90,February,Saturday,25-34
332,4/6/2023,CUST332,Male,58,Electronics,4,300,1200,April,Thursday,55-64
333,2/5/2023,CUST333,Female,54,Electronics,4,300,1200,February,Sunday,45-54
334,11/1/2023,CUST334,Male,31,Electronics,3,300,900,November,Wednesday,25-34
335,2/4/2023,CUST335,Female,47,Beauty,4,30,120,February,Saturday,45-54
336,12/12/2023,CUST336,Female,52,Beauty,3,50,150,December,Tuesday,45-54
337,5/1/2023,CUST337,Male,38,Clothing,1,500,500,May,Monday,35-44
338,7/26/2023,CUST338,Male,54,Beauty,2,50,100,July,Wednesday,45-54
339,3/3/2023,CUST339,Female,22,Electronics,2,25,50,March,Friday,18-24
340,10/19/2023,CUST340,Female,36,Clothing,4,300,1200,October,Thursday,35-44
341,5/7/2023,CUST341,Male,31,Clothing,4,50,200,May,Sunday,25-34
342,10/24/2023,CUST342,Female,43,Clothing,4,500,2000,October,Tuesday,35-44
343,11/1/2023,CUST343,Male,21,Electronics,2,25,50,November,Wednesday,18-24
344,1/21/2023,CUST344,Female,42,Beauty,1,30,30,January,Saturday,35-44
345,11/14/2023,CUST345,Male,62,Electronics,1,30,30,November,Tuesday,55-64
346,2/11/2023,CUST346,Male,59,Clothing,2,500,1000,February,Saturday,55-64
347,8/3/2023,CUST347,Male,42,Electronics,1,25,25,August,Thursday,35-44
348,12/3/2023,CUST348,Female,35,Electronics,2,300,600,December,Sunday,35-44
349,10/26/2023,CUST349,Female,57,Beauty,1,50,50,October,Thursday,55-64
350,10/17/2023,CUST350,Male,25,Beauty,3,25,75,October,Tuesday,25-34
351,9/25/2023,CUST351,Female,56,Clothing,3,30,90,September,Monday,55-64
352,6/11/2023,CUST352,Male,57,Electronics,2,500,1000,June,Sunday,55-64
353,5/14/2023,CUST353,Male,31,Electronics,1,500,500,May,Sunday,25-34
354,4/15/2023,CUST354,Female,49,Beauty,4,50,200,April,Saturday,45-54
355,12/9/2023,CUST355,Female,55,Electronics,1,500,500,December,Saturday,55-64
356,6/10/2023,CUST356,Male,50,Electronics,3,500,1500,June,Saturday,45-54
357,5/3/2023,CUST357,Female,40,Electronics,3,25,75,May,Wednesday,35-44
358,5/16/2023,CUST358,Female,32,Beauty,1,300,300,May,Tuesday,25-34
359,7/22/2023,CUST359,Male,50,Clothing,1,50,50,July,Saturday,45-54
360,3/9/2023,CUST360,Male,42,Clothing,4,25,100,March,Thursday,35-44
361,12/10/2023,CUST361,Female,34,Electronics,4,300,1200,December,Sunday,25-34
362,11/27/2023,CUST362,Male,50,Clothing,1,25,25,November,Monday,45-54
363,6/3/2023,CUST363,Male,64,Beauty,1,25,25,June,Saturday,55-64
364,8/23/2023,CUST364,Female,19,Beauty,1,500,500,August,Wednesday,18-24
365,6/11/2023,CUST365,Male,31,Clothing,1,300,300,June,Sunday,25-34
366,2/7/2023,CUST366,Male,57,Clothing,2,50,100,February,Tuesday,55-64
367,1/5/2023,CUST367,Female,57,Electronics,1,50,50,January,Thursday,55-64
368,8/23/2023,CUST368,Female,56,Clothing,4,300,1200,August,Wednesday,55-64
369,11/15/2023,CUST369,Male,23,Electronics,3,500,1500,November,Wednesday,18-24
370,10/16/2023,CUST370,Male,23,Electronics,2,30,60,October,Monday,18-24
371,2/21/2023,CUST371,Female,20,Beauty,1,25,25,February,Tuesday,18-24
372,2/7/2023,CUST372,Female,24,Beauty,3,500,1500,February,Tuesday,18-24
373,10/3/2023,CUST373,Female,25,Beauty,2,300,600,October,Tuesday,25-34
374,4/20/2023,CUST374,Female,59,Beauty,3,25,75,April,Thursday,55-64
375,9/17/2023,CUST375,Male,32,Clothing,1,50,50,September,Sunday,25-34
376,5/16/2023,CUST376,Female,64,Beauty,1,30,30,May,Tuesday,55-64
377,3/9/2023,CUST377,Female,46,Clothing,4,50,200,March,Thursday,45-54
378,6/28/2023,CUST378,Male,50,Beauty,1,300,300,June,Wednesday,45-54
379,2/5/2023,CUST379,Female,47,Clothing,1,25,25,February,Sunday,45-54
380,5/6/2023,CUST380,Male,56,Electronics,2,300,600,May,Saturday,55-64
381,7/9/2023,CUST381,Female,44,Clothing,4,25,100,July,Sunday,35-44
382,5/26/2023,CUST382,Female,53,Clothing,2,500,1000,May,Friday,45-54
383,3/22/2023,CUST383,Female,46,Beauty,3,30,90,March,Wednesday,45-54
384,8/13/2023,CUST384,Male,55,Clothing,1,500,500,August,Sunday,55-64
385,10/6/2023,CUST385,Male,50,Electronics,3,500,1500,October,Friday,45-54
386,12/27/2023,CUST386,Female,54,Electronics,2,300,600,December,Wednesday,45-54
387,6/4/2023,CUST387,Male,44,Beauty,1,30,30,June,Sunday,35-44
388,11/10/2023,CUST388,Male,50,Electronics,1,25,25,November,Friday,45-54
389,12/1/2023,CUST389,Male,21,Clothing,2,25,50,December,Friday,18-24
390,9/28/2023,CUST390,Male,39,Electronics,2,50,100,September,Thursday,35-44
391,1/5/2023,CUST391,Male,19,Beauty,2,25,50,January,Thursday,18-24
392,12/8/2023,CUST392,Male,27,Clothing,2,300,600,December,Friday,25-34
393,10/11/2023,CUST393,Female,22,Beauty,2,500,1000,October,Wednesday,18-24
394,6/3/2023,CUST394,Female,27,Clothing,1,500,500,June,Saturday,25-34
395,12/6/2023,CUST395,Male,50,Electronics,2,500,1000,December,Wednesday,45-54
396,2/23/2023,CUST396,Female,55,Beauty,1,30,30,February,Thursday,55-64
397,3/10/2023,CUST397,Female,30,Beauty,1,25,25,March,Friday,25-34
398,5/16/2023,CUST398,Female,48,Clothing,2,300,600,May,Tuesday,45-54
399,3/1/2023,CUST399,Female,64,Beauty,2,30,60,March,Wednesday,55-64
400,2/24/2023,CUST400,Male,53,Clothing,4,50,200,February,Friday,45-54
401,10/11/2023,CUST401,Female,62,Clothing,1,300,300,October,Wednesday,55-64
402,3/21/2023,CUST402,Female,41,Clothing,2,300,600,March,Tuesday,35-44
403,5/20/2023,CUST403,Male,32,Clothing,2,300,600,May,Saturday,25-34
404,5/25/2023,CUST404,Male,46,Electronics,2,500,1000,May,Thursday,45-54
405,11/6/2023,CUST405,Female,25,Clothing,4,300,1200,November,Monday,25-34
406,4/18/2023,CUST406,Female,22,Beauty,4,25,100,April,Tuesday,18-24
407,6/25/2023,CUST407,Female,46,Electronics,3,300,900,June,Sunday,45-54
408,4/15/2023,CUST408,Female,64,Beauty,1,500,500,April,Saturday,55-64
409,12/18/2023,CUST409,Female,21,Electronics,3,300,900,December,Monday,18-24
410,11/21/2023,CUST410,Female,29,Clothing,2,50,100,November,Tuesday,25-34
411,5/16/2023,CUST411,Male,62,Electronics,4,50,200,May,Tuesday,55-64
412,9/16/2023,CUST412,Female,19,Electronics,4,500,2000,September,Saturday,18-24
413,9/8/2023,CUST413,Female,44,Beauty,3,25,75,September,Friday,35-44
414,5/9/2023,CUST414,Male,48,Beauty,4,25,100,May,Tuesday,45-54
415,1/27/2023,CUST415,Male,53,Clothing,2,30,60,January,Friday,45-54
416,2/17/2023,CUST416,Male,53,Electronics,4,500,2000,February,Friday,45-54
417,11/21/2023,CUST417,Male,43,Electronics,3,300,900,November,Tuesday,35-44
418,8/5/2023,CUST418,Female,60,Electronics,2,500,1000,August,Saturday,55-64
419,5/22/2023,CUST419,Female,44,Clothing,3,30,90,May,Monday,35-44
420,1/23/2023,CUST420,Female,22,Clothing,4,500,2000,January,Monday,18-24
421,1/2/2023,CUST421,Female,37,Clothing,3,500,1500,January,Monday,35-44
422,6/20/2023,CUST422,Female,28,Clothing,3,30,90,June,Tuesday,25-34
423,3/8/2023,CUST423,Female,27,Clothing,1,25,25,March,Wednesday,25-34
424,11/23/2023,CUST424,Male,57,Beauty,4,300,1200,November,Thursday,55-64
425,5/15/2023,CUST425,Female,55,Electronics,4,30,120,May,Monday,55-64
426,3/24/2023,CUST426,Male,23,Electronics,3,50,150,March,Friday,18-24
427,8/15/2023,CUST427,Male,25,Electronics,1,25,25,August,Tuesday,25-34
428,10/10/2023,CUST428,Female,40,Electronics,4,50,200,October,Tuesday,35-44
429,12/28/2023,CUST429,Male,64,Electronics,2,25,50,December,Thursday,55-64
430,8/7/2023,CUST430,Female,43,Electronics,3,300,900,August,Monday,35-44
431,10/15/2023,CUST431,Male,63,Electronics,4,300,1200,October,Sunday,55-64
432,1/5/2023,CUST432,Female,60,Electronics,2,500,1000,January,Thursday,55-64
433,2/27/2023,CUST433,Male,29,Beauty,4,50,200,February,Monday,25-34
434,2/8/2023,CUST434,Female,43,Electronics,2,25,50,February,Wednesday,35-44
435,12/20/2023,CUST435,Female,30,Beauty,3,300,900,December,Wednesday,25-34
436,3/18/2023,CUST436,Female,57,Clothing,4,30,120,March,Saturday,55-64
437,10/7/2023,CUST437,Female,35,Electronics,4,300,1200,October,Saturday,35-44
438,1/19/2023,CUST438,Female,42,Clothing,1,30,30,January,Thursday,35-44
439,7/9/2023,CUST439,Male,50,Clothing,3,25,75,July,Sunday,45-54
440,10/26/2023,CUST440,Male,64,Clothing,2,300,600,October,Thursday,55-64
441,10/10/2023,CUST441,Male,57,Beauty,4,300,1200,October,Tuesday,55-64
442,3/17/2023,CUST442,Female,60,Clothing,4,25,100,March,Friday,55-64
443,8/9/2023,CUST443,Male,29,Clothing,2,300,600,August,Wednesday,25-34
444,3/7/2023,CUST444,Female,61,Clothing,3,30,90,March,Tuesday,55-64
445,1/22/2023,CUST445,Female,53,Electronics,1,300,300,January,Sunday,45-54
446,6/7/2023,CUST446,Male,21,Electronics,1,50,50,June,Wednesday,18-24
447,7/6/2023,CUST447,Male,22,Beauty,4,500,2000,July,Thursday,18-24
448,1/21/2023,CUST448,Female,54,Beauty,2,30,60,January,Saturday,45-54
449,7/3/2023,CUST449,Male,25,Electronics,4,50,200,July,Monday,25-34
450,4/18/2023,CUST450,Female,59,Beauty,2,25,50,April,Tuesday,55-64
451,12/16/2023,CUST451,Female,45,Electronics,1,30,30,December,Saturday,45-54
452,5/8/2023,CUST452,Female,48,Clothing,3,500,1500,May,Monday,45-54
453,12/8/2023,CUST453,Female,26,Clothing,2,500,1000,December,Friday,25-34
454,2/22/2023,CUST454,Female,46,Beauty,1,25,25,February,Wednesday,45-54
455,7/1/2023,CUST455,Male,31,Electronics,4,25,100,July,Saturday,25-34
456,10/14/2023,CUST456,Male,57,Electronics,2,30,60,October,Saturday,55-64
457,7/28/2023,CUST457,Female,58,Beauty,3,300,900,July,Friday,55-64
458,11/14/2023,CUST458,Female,39,Electronics,4,25,100,November,Tuesday,35-44
459,3/21/2023,CUST459,Male,28,Clothing,4,300,1200,March,Tuesday,25-34
460,5/2/2023,CUST460,Male,40,Beauty,1,50,50,May,Tuesday,35-44
461,3/25/2023,CUST461,Female,18,Beauty,2,500,1000,March,Saturday,18-24
462,4/1/2023,CUST462,Male,63,Electronics,4,300,1200,April,Saturday,55-64
463,7/31/2023,CUST463,Female,54,Beauty,3,500,1500,July,Monday,45-54
464,1/13/2023,CUST464,Male,38,Electronics,2,300,600,January,Friday,35-44
465,4/2/2023,CUST465,Female,43,Electronics,3,50,150,April,Sunday,35-44
466,6/20/2023,CUST466,Male,63,Electronics,4,25,100,June,Tuesday,55-64
467,7/30/2023,CUST467,Female,53,Electronics,3,50,150,July,Sunday,45-54
468,12/9/2023,CUST468,Male,40,Electronics,1,25,25,December,Saturday,35-44
469,5/8/2023,CUST469,Male,18,Beauty,3,25,75,May,Monday,18-24
470,5/17/2023,CUST470,Female,57,Clothing,2,500,1000,May,Wednesday,55-64
471,3/23/2023,CUST471,Male,32,Clothing,3,50,150,March,Thursday,25-34
472,12/26/2023,CUST472,Female,38,Beauty,3,300,900,December,Tuesday,35-44
473,2/25/2023,CUST473,Male,64,Beauty,1,50,50,February,Saturday,55-64
474,7/15/2023,CUST474,Female,26,Clothing,3,500,1500,July,Saturday,25-34
475,1/20/2023,CUST475,Male,26,Clothing,3,25,75,January,Friday,25-34
476,8/29/2023,CUST476,Female,27,Clothing,4,500,2000,August,Tuesday,25-34
477,4/24/2023,CUST477,Male,43,Clothing,4,30,120,April,Monday,35-44
478,4/13/2023,CUST478,Female,58,Clothing,2,30,60,April,Thursday,55-64
479,8/24/2023,CUST479,Male,52,Electronics,4,300,1200,August,Thursday,45-54
480,6/29/2023,CUST480,Female,42,Beauty,4,500,2000,June,Thursday,35-44
481,6/6/2023,CUST481,Female,43,Electronics,4,300,1200,June,Tuesday,35-44
482,4/27/2023,CUST482,Female,28,Clothing,4,300,1200,April,Thursday,25-34
483,4/25/2023,CUST483,Male,55,Clothing,1,30,30,April,Tuesday,55-64
484,1/13/2023,CUST484,Female,19,Clothing,4,300,1200,January,Friday,18-24
485,12/4/2023,CUST485,Male,24,Electronics,1,30,30,December,Monday,18-24
486,4/9/2023,CUST486,Female,35,Electronics,1,25,25,April,Sunday,35-44
487,7/24/2023,CUST487,Male,44,Clothing,4,500,2000,July,Monday,35-44
488,6/18/2023,CUST488,Female,51,Electronics,3,300,900,June,Sunday,45-54
489,5/23/2023,CUST489,Male,44,Electronics,1,30,30,May,Tuesday,35-44
490,2/5/2023,CUST490,Male,34,Clothing,3,50,150,February,Sunday,25-34
491,5/23/2023,CUST491,Female,60,Electronics,3,300,900,May,Tuesday,55-64
492,6/29/2023,CUST492,Male,61,Beauty,4,25,100,June,Thursday,55-64
493,11/25/2023,CUST493,Male,41,Beauty,2,25,50,November,Saturday,35-44
494,9/18/2023,CUST494,Female,42,Beauty,4,50,200,September,Monday,35-44
495,7/24/2023,CUST495,Male,24,Beauty,2,30,60,July,Monday,18-24
496,12/14/2023,CUST496,Male,23,Clothing,2,300,600,December,Thursday,18-24
497,10/2/2023,CUST497,Male,41,Clothing,4,30,120,October,Monday,35-44
498,6/19/2023,CUST498,Female,50,Clothing,4,25,100,June,Monday,45-54
499,1/15/2023,CUST499,Male,46,Beauty,2,30,60,January,Sunday,45-54
500,3/1/2023,CUST500,Female,60,Beauty,4,25,100,March,Wednesday,55-64
501,5/14/2023,CUST501,Male,39,Electronics,2,30,60,May,Sunday,35-44
502,4/2/2023,CUST502,Male,43,Electronics,3,50,150,April,Sunday,35-44
503,10/25/2023,CUST503,Male,45,Beauty,4,500,2000,October,Wednesday,45-54
504,5/16/2023,CUST504,Female,38,Beauty,3,50,150,May,Tuesday,35-44
505,1/20/2023,CUST505,Male,24,Beauty,1,50,50,January,Friday,18-24
506,2/25/2023,CUST506,Male,34,Beauty,3,500,1500,February,Saturday,25-34
507,11/2/2023,CUST507,Female,37,Electronics,3,500,1500,November,Thursday,35-44
508,8/11/2023,CUST508,Male,58,Beauty,2,300,600,August,Friday,55-64
509,6/26/2023,CUST509,Female,37,Electronics,3,300,900,June,Monday,35-44
510,6/10/2023,CUST510,Female,39,Beauty,4,50,200,June,Saturday,35-44
511,8/12/2023,CUST511,Male,45,Beauty,2,50,100,August,Saturday,45-54
512,11/7/2023,CUST512,Female,57,Beauty,1,25,25,November,Tuesday,55-64
513,9/19/2023,CUST513,Male,24,Electronics,4,25,100,September,Tuesday,18-24
514,3/1/2023,CUST514,Female,18,Electronics,1,300,300,March,Wednesday,18-24
515,7/17/2023,CUST515,Female,49,Clothing,3,300,900,July,Monday,45-54
516,10/23/2023,CUST516,Male,30,Beauty,4,25,100,October,Monday,25-34
517,4/8/2023,CUST517,Female,47,Clothing,4,25,100,April,Saturday,45-54
518,5/11/2023,CUST518,Female,40,Clothing,1,30,30,May,Thursday,35-44
519,1/23/2023,CUST519,Female,36,Electronics,4,30,120,January,Monday,35-44
520,12/29/2023,CUST520,Female,49,Electronics,4,25,100,December,Friday,45-54
521,8/12/2023,CUST521,Female,47,Clothing,4,30,120,August,Saturday,45-54
522,1/1/2023,CUST522,Male,46,Beauty,3,500,1500,January,Sunday,45-54
523,9/24/2023,CUST523,Female,62,Electronics,1,300,300,September,Sunday,55-64
524,10/3/2023,CUST524,Male,46,Beauty,4,300,1200,October,Tuesday,45-54
525,12/18/2023,CUST525,Female,47,Beauty,2,25,50,December,Monday,45-54
526,12/10/2023,CUST526,Male,33,Clothing,2,50,100,December,Sunday,25-34
527,4/11/2023,CUST527,Male,57,Clothing,2,25,50,April,Tuesday,55-64
528,7/6/2023,CUST528,Female,36,Clothing,2,30,60,July,Thursday,35-44
529,8/9/2023,CUST529,Female,35,Clothing,3,50,150,August,Wednesday,35-44
530,2/5/2023,CUST530,Female,18,Electronics,4,30,120,February,Sunday,18-24
531,12/7/2023,CUST531,Male,31,Electronics,1,500,500,December,Thursday,25-34
532,6/19/2023,CUST532,Female,64,Clothing,4,30,120,June,Monday,55-64
533,11/16/2023,CUST533,Male,19,Electronics,3,500,1500,November,Thursday,18-24
534,6/10/2023,CUST534,Male,45,Clothing,2,500,1000,June,Saturday,45-54
535,12/6/2023,CUST535,Male,47,Beauty,3,30,90,December,Wednesday,45-54
536,3/5/2023,CUST536,Female,55,Beauty,4,30,120,March,Sunday,55-64
537,6/3/2023,CUST537,Female,21,Beauty,1,500,500,June,Saturday,18-24
538,9/17/2023,CUST538,Male,18,Clothing,3,50,150,September,Sunday,18-24
539,6/8/2023,CUST539,Male,25,Beauty,1,500,500,June,Thursday,25-34
540,12/8/2023,CUST540,Female,46,Electronics,3,300,900,December,Friday,45-54
541,7/29/2023,CUST541,Male,56,Beauty,1,500,500,July,Saturday,55-64
542,6/17/2023,CUST542,Female,20,Beauty,1,50,50,June,Saturday,18-24
543,7/26/2023,CUST543,Male,49,Beauty,2,300,600,July,Wednesday,45-54
544,12/23/2023,CUST544,Female,27,Electronics,1,25,25,December,Saturday,25-34
545,6/1/2023,CUST545,Male,27,Clothing,2,25,50,June,Thursday,25-34
546,10/11/2023,CUST546,Female,36,Electronics,4,50,200,October,Wednesday,35-44
547,3/7/2023,CUST547,Male,63,Clothing,4,500,2000,March,Tuesday,55-64
548,4/9/2023,CUST548,Female,51,Clothing,2,30,60,April,Sunday,45-54
549,8/4/2023,CUST549,Female,50,Beauty,2,50,100,August,Friday,45-54
550,12/7/2023,CUST550,Male,40,Clothing,3,300,900,December,Thursday,35-44
551,7/14/2023,CUST551,Male,45,Electronics,3,300,900,July,Friday,45-54
552,12/13/2023,CUST552,Female,49,Electronics,3,25,75,December,Wednesday,45-54
553,3/31/2023,CUST553,Male,24,Clothing,4,300,1200,March,Friday,18-24
554,11/12/2023,CUST554,Female,46,Beauty,3,50,150,November,Sunday,45-54
555,10/19/2023,CUST555,Male,25,Beauty,1,300,300,October,Thursday,25-34
556,6/4/2023,CUST556,Female,18,Electronics,1,50,50,June,Sunday,18-24
557,7/27/2023,CUST557,Female,20,Beauty,3,30,90,July,Thursday,18-24
558,10/8/2023,CUST558,Female,41,Clothing,1,25,25,October,Sunday,35-44
559,1/1/2023,CUST559,Female,40,Clothing,4,300,1200,January,Sunday,35-44
560,6/5/2023,CUST560,Female,25,Electronics,1,50,50,June,Monday,25-34
561,5/27/2023,CUST561,Female,64,Clothing,4,500,2000,May,Saturday,55-64
562,4/18/2023,CUST562,Male,54,Electronics,2,25,50,April,Tuesday,45-54
563,8/9/2023,CUST563,Male,20,Clothing,2,30,60,August,Wednesday,18-24
564,10/24/2023,CUST564,Male,50,Electronics,2,50,100,October,Tuesday,45-54
565,11/7/2023,CUST565,Female,45,Beauty,2,30,60,November,Tuesday,45-54
566,12/2/2023,CUST566,Female,64,Clothing,1,30,30,December,Saturday,55-64
567,6/14/2023,CUST567,Female,25,Clothing,3,300,900,June,Wednesday,25-34
568,8/27/2023,CUST568,Female,51,Electronics,1,300,300,August,Sunday,45-54
569,8/15/2023,CUST569,Male,52,Electronics,4,50,200,August,Tuesday,45-54
570,8/15/2023,CUST570,Male,49,Clothing,1,500,500,August,Tuesday,45-54
571,12/12/2023,CUST571,Female,41,Electronics,1,50,50,December,Tuesday,35-44
572,4/20/2023,CUST572,Male,31,Clothing,4,500,2000,April,Thursday,25-34
573,9/19/2023,CUST573,Male,49,Beauty,2,30,60,September,Tuesday,45-54
574,8/31/2023,CUST574,Female,63,Electronics,2,25,50,August,Thursday,55-64
575,3/28/2023,CUST575,Male,60,Clothing,2,50,100,March,Tuesday,55-64
576,12/4/2023,CUST576,Female,33,Beauty,3,50,150,December,Monday,25-34
577,2/13/2023,CUST577,Male,21,Beauty,4,500,2000,February,Monday,18-24
578,5/26/2023,CUST578,Female,54,Clothing,4,30,120,May,Friday,45-54
579,9/21/2023,CUST579,Female,38,Electronics,1,30,30,September,Thursday,35-44
580,12/6/2023,CUST580,Female,31,Clothing,3,500,1500,December,Wednesday,25-34
581,11/21/2023,CUST581,Female,48,Beauty,2,30,60,November,Tuesday,45-54
582,11/14/2023,CUST582,Male,35,Clothing,3,300,900,November,Tuesday,35-44
583,6/21/2023,CUST583,Female,24,Electronics,4,25,100,June,Wednesday,18-24
584,2/17/2023,CUST584,Female,27,Beauty,4,50,200,February,Friday,25-34
585,5/1/2023,CUST585,Female,24,Clothing,1,25,25,May,Monday,18-24
586,12/11/2023,CUST586,Male,50,Electronics,1,50,50,December,Monday,45-54
587,6/8/2023,CUST587,Female,40,Beauty,4,300,1200,June,Thursday,35-44
588,4/26/2023,CUST588,Male,38,Electronics,2,30,60,April,Wednesday,35-44
589,4/12/2023,CUST589,Female,36,Beauty,2,500,1000,April,Wednesday,35-44
590,3/17/2023,CUST590,Male,36,Clothing,3,300,900,March,Friday,35-44
591,1/13/2023,CUST591,Male,53,Electronics,4,25,100,January,Friday,45-54
592,1/24/2023,CUST592,Female,46,Beauty,4,500,2000,January,Tuesday,45-54
593,5/6/2023,CUST593,Male,35,Electronics,2,30,60,May,Saturday,35-44
594,9/1/2023,CUST594,Female,19,Electronics,2,300,600,September,Friday,18-24
595,11/9/2023,CUST595,Female,18,Clothing,4,500,2000,November,Thursday,18-24
596,2/7/2023,CUST596,Female,64,Electronics,1,300,300,February,Tuesday,55-64
597,8/22/2023,CUST597,Male,22,Beauty,4,300,1200,August,Tuesday,18-24
598,8/1/2023,CUST598,Male,37,Beauty,4,30,120,August,Tuesday,35-44
599,11/19/2023,CUST599,Female,28,Beauty,2,50,100,November,Sunday,25-34
600,10/22/2023,CUST600,Female,59,Beauty,2,500,1000,October,Sunday,55-64
601,4/10/2023,CUST601,Male,19,Clothing,1,30,30,April,Monday,18-24
602,12/23/2023,CUST602,Female,20,Electronics,1,300,300,December,Saturday,18-24
603,7/16/2023,CUST603,Female,40,Clothing,3,30,90,July,Sunday,35-44
604,9/11/2023,CUST604,Female,29,Electronics,4,50,200,September,Monday,25-34
605,7/24/2023,CUST605,Male,37,Electronics,2,500,1000,July,Monday,35-44
606,5/5/2023,CUST606,Male,22,Electronics,1,50,50,May,Friday,18-24
607,3/17/2023,CUST607,Male,54,Clothing,3,25,75,March,Friday,45-54
608,12/2/2023,CUST608,Female,55,Electronics,3,500,1500,December,Saturday,55-64
609,12/19/2023,CUST609,Female,47,Clothing,2,50,100,December,Tuesday,45-54
610,1/3/2023,CUST610,Female,26,Beauty,2,300,600,January,Tuesday,25-34
611,2/24/2023,CUST611,Male,51,Beauty,3,500,1500,February,Friday,45-54
612,8/6/2023,CUST612,Female,61,Electronics,1,500,500,August,Sunday,55-64
613,4/23/2023,CUST613,Female,52,Clothing,3,30,90,April,Sunday,45-54
614,4/1/2023,CUST614,Female,39,Beauty,4,300,1200,April,Saturday,35-44
615,12/23/2023,CUST615,Female,61,Clothing,4,25,100,December,Saturday,55-64
616,9/23/2023,CUST616,Male,41,Clothing,2,50,100,September,Saturday,35-44
617,8/26/2023,CUST617,Male,34,Electronics,1,30,30,August,Saturday,25-34
618,1/26/2023,CUST618,Female,27,Beauty,1,50,50,January,Thursday,25-34
619,10/13/2023,CUST619,Male,47,Electronics,4,25,100,October,Friday,45-54
620,5/8/2023,CUST620,Male,63,Electronics,3,25,75,May,Monday,55-64
621,3/4/2023,CUST621,Female,40,Beauty,2,500,1000,March,Saturday,35-44
622,8/22/2023,CUST622,Female,49,Beauty,3,25,75,August,Tuesday,45-54
623,3/10/2023,CUST623,Male,34,Clothing,3,50,150,March,Friday,25-34
624,8/26/2023,CUST624,Female,34,Beauty,3,300,900,August,Saturday,25-34
625,12/8/2023,CUST625,Male,31,Clothing,1,300,300,December,Friday,25-34
626,9/29/2023,CUST626,Female,26,Clothing,4,500,2000,September,Friday,25-34
627,10/14/2023,CUST627,Male,57,Clothing,1,50,50,October,Saturday,55-64
628,11/1/2023,CUST628,Female,19,Beauty,4,50,200,November,Wednesday,18-24
629,6/12/2023,CUST629,Male,62,Electronics,2,25,50,June,Monday,55-64
630,8/15/2023,CUST630,Male,42,Clothing,2,50,100,August,Tuesday,35-44
631,11/10/2023,CUST631,Male,56,Electronics,3,30,90,November,Friday,55-64
632,9/16/2023,CUST632,Female,26,Electronics,4,25,100,September,Saturday,25-34
633,8/7/2023,CUST633,Male,39,Beauty,4,30,120,August,Monday,35-44
634,10/8/2023,CUST634,Male,60,Electronics,4,500,2000,October,Sunday,55-64
635,8/17/2023,CUST635,Female,63,Electronics,3,300,900,August,Thursday,55-64
636,3/23/2023,CUST636,Female,21,Beauty,3,500,1500,March,Thursday,18-24
637,9/1/2023,CUST637,Male,43,Clothing,2,300,600,September,Friday,35-44
638,8/19/2023,CUST638,Male,46,Electronics,1,500,500,August,Saturday,45-54
639,5/13/2023,CUST639,Female,62,Beauty,4,50,200,May,Saturday,55-64
640,5/7/2023,CUST640,Female,51,Electronics,4,30,120,May,Sunday,45-54
641,11/23/2023,CUST641,Female,40,Electronics,1,300,300,November,Thursday,35-44
642,5/22/2023,CUST642,Female,54,Clothing,4,25,100,May,Monday,45-54
643,9/24/2023,CUST643,Female,28,Electronics,3,30,90,September,Sunday,25-34
644,9/6/2023,CUST644,Male,23,Beauty,3,25,75,September,Wednesday,18-24
645,11/17/2023,CUST645,Female,35,Electronics,4,30,120,November,Friday,35-44
646,5/3/2023,CUST646,Male,38,Clothing,3,30,90,May,Wednesday,35-44
647,5/21/2023,CUST647,Male,59,Clothing,3,500,1500,May,Sunday,55-64
648,8/14/2023,CUST648,Male,53,Beauty,4,300,1200,August,Monday,45-54
649,2/9/2023,CUST649,Female,58,Clothing,2,300,600,February,Thursday,55-64
650,1/1/2024,CUST650,Male,55,Electronics,1,30,30,January,Monday,55-64
651,5/27/2023,CUST651,Male,51,Clothing,3,50,150,May,Saturday,45-54
652,5/1/2023,CUST652,Female,34,Beauty,2,50,100,May,Monday,25-34
653,5/20/2023,CUST653,Male,54,Clothing,3,25,75,May,Saturday,45-54
654,6/21/2023,CUST654,Male,42,Clothing,3,25,75,June,Wednesday,35-44
655,6/13/2023,CUST655,Female,55,Clothing,1,500,500,June,Tuesday,55-64
656,10/4/2023,CUST656,Male,29,Beauty,3,30,90,October,Wednesday,25-34
657,2/11/2023,CUST657,Male,40,Clothing,1,25,25,February,Saturday,35-44
658,3/12/2023,CUST658,Male,59,Clothing,1,25,25,March,Sunday,55-64
659,3/19/2023,CUST659,Female,39,Electronics,1,30,30,March,Sunday,35-44
660,4/29/2023,CUST660,Female,38,Beauty,2,500,1000,April,Saturday,35-44
661,7/16/2023,CUST661,Female,44,Clothing,4,25,100,July,Sunday,35-44
662,12/22/2023,CUST662,Male,48,Beauty,2,500,1000,December,Friday,45-54
663,3/20/2023,CUST663,Male,23,Clothing,4,300,1200,March,Monday,18-24
664,12/28/2023,CUST664,Female,44,Clothing,4,500,2000,December,Thursday,35-44
665,4/20/2023,CUST665,Male,57,Clothing,1,50,50,April,Thursday,55-64
666,2/2/2023,CUST666,Male,51,Electronics,3,50,150,February,Thursday,45-54
667,8/1/2023,CUST667,Female,29,Electronics,1,500,500,August,Tuesday,25-34
668,7/28/2023,CUST668,Female,62,Electronics,3,50,150,July,Friday,55-64
669,6/19/2023,CUST669,Male,24,Beauty,4,300,1200,June,Monday,18-24
670,10/5/2023,CUST670,Male,27,Beauty,1,30,30,October,Thursday,25-34
671,8/27/2023,CUST671,Male,62,Electronics,3,50,150,August,Sunday,55-64
672,8/1/2023,CUST672,Female,34,Beauty,2,50,100,August,Tuesday,25-34
673,2/1/2023,CUST673,Female,43,Clothing,3,500,1500,February,Wednesday,35-44
674,4/16/2023,CUST674,Female,38,Clothing,1,300,300,April,Sunday,35-44
675,8/4/2023,CUST675,Female,45,Clothing,2,30,60,August,Friday,45-54
676,7/19/2023,CUST676,Male,63,Electronics,3,500,1500,July,Wednesday,55-64
677,10/27/2023,CUST677,Female,19,Beauty,3,500,1500,October,Friday,18-24
678,12/23/2023,CUST678,Female,60,Electronics,3,300,900,December,Saturday,55-64
679,1/11/2023,CUST679,Female,18,Beauty,3,30,90,January,Wednesday,18-24
680,10/22/2023,CUST680,Female,53,Clothing,3,300,900,October,Sunday,45-54
681,7/14/2023,CUST681,Female,43,Electronics,2,30,60,July,Friday,35-44
682,9/2/2023,CUST682,Male,46,Beauty,4,300,1200,September,Saturday,45-54
683,1/4/2023,CUST683,Male,38,Beauty,2,500,1000,January,Wednesday,35-44
684,6/30/2023,CUST684,Female,28,Clothing,2,500,1000,June,Friday,25-34
685,6/2/2023,CUST685,Male,57,Electronics,2,25,50,June,Friday,55-64
686,7/19/2023,CUST686,Female,28,Electronics,4,50,200,July,Wednesday,25-34
687,8/3/2023,CUST687,Female,53,Electronics,1,300,300,August,Thursday,45-54
688,10/3/2023,CUST688,Male,56,Clothing,4,25,100,October,Tuesday,55-64
689,10/7/2023,CUST689,Male,57,Electronics,2,50,100,October,Saturday,55-64
690,11/5/2023,CUST690,Female,52,Clothing,3,300,900,November,Sunday,45-54
691,4/23/2023,CUST691,Female,51,Clothing,3,30,90,April,Sunday,45-54
692,9/7/2023,CUST692,Female,64,Clothing,2,50,100,September,Thursday,55-64
693,4/23/2023,CUST693,Male,41,Beauty,3,500,1500,April,Sunday,35-44
694,5/20/2023,CUST694,Female,39,Electronics,2,25,50,May,Saturday,35-44
695,8/12/2023,CUST695,Female,22,Electronics,3,50,150,August,Saturday,18-24
696,9/6/2023,CUST696,Female,50,Clothing,4,50,200,September,Wednesday,45-54
697,1/15/2023,CUST697,Male,53,Clothing,1,500,500,January,Sunday,45-54
698,7/19/2023,CUST698,Female,64,Electronics,1,300,300,July,Wednesday,55-64
699,6/22/2023,CUST699,Female,37,Clothing,4,30,120,June,Thursday,35-44
700,12/9/2023,CUST700,Male,36,Electronics,4,500,2000,December,Saturday,35-44
701,12/14/2023,CUST701,Female,52,Beauty,2,30,60,December,Thursday,45-54
702,7/27/2023,CUST702,Female,60,Clothing,2,300,600,July,Thursday,55-64
703,3/26/2023,CUST703,Male,34,Electronics,2,50,100,March,Sunday,25-34
704,8/28/2023,CUST704,Female,62,Clothing,3,30,90,August,Monday,55-64
705,3/7/2023,CUST705,Male,60,Electronics,2,25,50,March,Tuesday,55-64
706,11/15/2023,CUST706,Male,51,Electronics,4,25,100,November,Wednesday,45-54
707,10/1/2023,CUST707,Female,26,Clothing,1,500,500,October,Sunday,25-34
708,1/14/2023,CUST708,Female,43,Beauty,3,300,900,January,Saturday,35-44
709,7/21/2023,CUST709,Female,19,Electronics,2,500,1000,July,Friday,18-24
710,10/31/2023,CUST710,Female,26,Electronics,3,500,1500,October,Tuesday,25-34
711,10/16/2023,CUST711,Male,26,Electronics,3,500,1500,October,Monday,25-34
712,12/6/2023,CUST712,Female,57,Beauty,2,25,50,December,Wednesday,55-64
713,1/14/2023,CUST713,Male,34,Beauty,3,25,75,January,Saturday,25-34
714,2/12/2023,CUST714,Female,18,Clothing,1,500,500,February,Sunday,18-24
715,11/26/2023,CUST715,Female,42,Beauty,4,25,100,November,Sunday,35-44
716,8/8/2023,CUST716,Female,60,Clothing,4,300,1200,August,Tuesday,55-64
717,3/11/2023,CUST717,Male,57,Clothing,1,500,500,March,Saturday,55-64
718,8/25/2023,CUST718,Female,59,Beauty,3,25,75,August,Friday,55-64
719,4/4/2023,CUST719,Female,42,Clothing,2,30,60,April,Tuesday,35-44
720,1/26/2023,CUST720,Female,56,Beauty,3,500,1500,January,Thursday,55-64
721,5/14/2023,CUST721,Female,52,Clothing,1,500,500,May,Sunday,45-54
722,7/14/2023,CUST722,Male,20,Beauty,3,300,900,July,Friday,18-24
723,6/17/2023,CUST723,Female,54,Beauty,4,50,200,June,Saturday,45-54
724,4/19/2023,CUST724,Male,61,Clothing,3,50,150,April,Wednesday,55-64
725,8/21/2023,CUST725,Male,61,Electronics,1,300,300,August,Monday,55-64
726,6/17/2023,CUST726,Male,47,Clothing,4,300,1200,June,Saturday,45-54
727,6/22/2023,CUST727,Male,55,Beauty,3,300,900,June,Thursday,55-64
728,7/14/2023,CUST728,Male,51,Electronics,3,50,150,July,Friday,45-54
729,5/23/2023,CUST729,Male,29,Clothing,4,300,1200,May,Tuesday,25-34
730,8/4/2023,CUST730,Female,36,Clothing,2,25,50,August,Friday,35-44
731,5/10/2023,CUST731,Male,54,Clothing,4,500,2000,May,Wednesday,45-54
732,2/11/2023,CUST732,Male,61,Electronics,2,500,1000,February,Saturday,55-64
733,8/29/2023,CUST733,Male,34,Beauty,1,30,30,August,Tuesday,25-34
734,1/10/2023,CUST734,Female,27,Clothing,1,30,30,January,Tuesday,25-34
735,10/4/2023,CUST735,Female,64,Clothing,4,500,2000,October,Wednesday,55-64
736,1/27/2023,CUST736,Male,29,Clothing,4,25,100,January,Friday,25-34
737,6/29/2023,CUST737,Female,33,Clothing,1,50,50,June,Thursday,25-34
738,4/25/2023,CUST738,Male,41,Clothing,2,50,100,April,Tuesday,35-44
739,11/29/2023,CUST739,Male,36,Beauty,1,25,25,November,Wednesday,35-44
740,2/5/2023,CUST740,Female,25,Beauty,4,50,200,February,Sunday,25-34
741,11/30/2023,CUST741,Male,48,Clothing,1,300,300,November,Thursday,45-54
742,1/21/2023,CUST742,Female,38,Electronics,4,500,2000,January,Saturday,35-44
743,1/16/2023,CUST743,Female,34,Beauty,4,500,2000,January,Monday,25-34
744,5/7/2023,CUST744,Male,40,Electronics,1,25,25,May,Sunday,35-44
745,4/13/2023,CUST745,Male,54,Beauty,2,50,100,April,Thursday,45-54
746,1/11/2023,CUST746,Female,33,Clothing,3,30,90,January,Wednesday,25-34
747,11/15/2023,CUST747,Male,23,Beauty,1,30,30,November,Wednesday,18-24
748,3/20/2023,CUST748,Male,25,Clothing,3,50,150,March,Monday,25-34
749,5/3/2023,CUST749,Male,42,Beauty,1,30,30,May,Wednesday,35-44
750,3/6/2023,CUST750,Female,35,Clothing,3,25,75,March,Monday,35-44
751,8/31/2023,CUST751,Female,42,Clothing,2,25,50,August,Thursday,35-44
752,12/9/2023,CUST752,Male,29,Clothing,2,50,100,December,Saturday,25-34
753,2/28/2023,CUST753,Female,32,Clothing,1,30,30,February,Tuesday,25-34
754,10/16/2023,CUST754,Female,43,Electronics,4,25,100,October,Monday,35-44
755,4/22/2023,CUST755,Female,58,Clothing,3,25,75,April,Saturday,55-64
756,8/27/2023,CUST756,Female,62,Electronics,4,300,1200,August,Sunday,55-64
757,12/25/2023,CUST757,Female,43,Electronics,4,300,1200,December,Monday,35-44
758,5/12/2023,CUST758,Male,64,Clothing,4,25,100,May,Friday,55-64
759,7/8/2023,CUST759,Male,49,Electronics,2,50,100,July,Saturday,45-54
760,3/27/2023,CUST760,Male,27,Beauty,1,500,500,March,Monday,25-34
761,11/7/2023,CUST761,Female,33,Clothing,1,500,500,November,Tuesday,25-34
762,11/7/2023,CUST762,Female,24,Electronics,2,25,50,November,Tuesday,18-24
763,2/28/2023,CUST763,Male,34,Clothing,2,25,50,February,Tuesday,25-34
764,3/25/2023,CUST764,Female,40,Clothing,1,25,25,March,Saturday,35-44
765,6/9/2023,CUST765,Male,43,Clothing,4,50,200,June,Friday,35-44
766,2/25/2023,CUST766,Male,38,Electronics,3,300,900,February,Saturday,35-44
767,10/24/2023,CUST767,Male,39,Beauty,3,25,75,October,Tuesday,35-44
768,1/14/2023,CUST768,Female,24,Beauty,3,25,75,January,Saturday,18-24
769,6/9/2023,CUST769,Female,31,Electronics,4,30,120,June,Friday,25-34
770,10/22/2023,CUST770,Male,32,Clothing,1,50,50,October,Sunday,25-34
771,12/13/2023,CUST771,Male,24,Electronics,2,25,50,December,Wednesday,18-24
772,7/12/2023,CUST772,Male,26,Electronics,1,30,30,July,Wednesday,25-34
773,7/23/2023,CUST773,Male,25,Electronics,4,500,2000,July,Sunday,25-34
774,4/12/2023,CUST774,Female,40,Clothing,2,25,50,April,Wednesday,35-44
775,2/8/2023,CUST775,Female,46,Electronics,4,25,100,February,Wednesday,45-54
776,10/31/2023,CUST776,Male,35,Clothing,3,30,90,October,Tuesday,35-44
777,12/20/2023,CUST777,Male,48,Electronics,3,50,150,December,Wednesday,45-54
778,11/18/2023,CUST778,Female,47,Beauty,4,25,100,November,Saturday,45-54
779,5/5/2023,CUST779,Female,56,Electronics,2,500,1000,May,Friday,55-64
780,2/22/2023,CUST780,Male,52,Electronics,2,25,50,February,Wednesday,45-54
781,12/23/2023,CUST781,Male,35,Beauty,1,500,500,December,Saturday,35-44
782,6/4/2023,CUST782,Male,59,Clothing,3,300,900,June,Sunday,55-64
783,12/17/2023,CUST783,Female,56,Clothing,1,300,300,December,Sunday,55-64
784,11/4/2023,CUST784,Female,34,Electronics,1,500,500,November,Saturday,25-34
785,3/3/2023,CUST785,Female,31,Beauty,4,50,200,March,Friday,25-34
786,10/17/2023,CUST786,Male,48,Clothing,4,25,100,October,Tuesday,45-54
787,1/22/2023,CUST787,Male,41,Electronics,1,25,25,January,Sunday,35-44
788,6/27/2023,CUST788,Female,52,Beauty,3,300,900,June,Tuesday,45-54
789,9/30/2023,CUST789,Female,61,Clothing,4,500,2000,September,Saturday,55-64
790,8/8/2023,CUST790,Male,62,Clothing,1,25,25,August,Tuesday,55-64
791,12/5/2023,CUST791,Female,51,Beauty,1,25,25,December,Tuesday,45-54
792,7/9/2023,CUST792,Female,20,Beauty,1,50,50,July,Sunday,18-24
793,2/5/2023,CUST793,Male,54,Beauty,1,30,30,February,Sunday,45-54
794,9/17/2023,CUST794,Female,60,Beauty,1,300,300,September,Sunday,55-64
795,11/28/2023,CUST795,Male,57,Electronics,1,300,300,November,Tuesday,55-64
796,6/24/2023,CUST796,Male,43,Beauty,4,30,120,June,Saturday,35-44
797,1/7/2023,CUST797,Male,40,Clothing,3,25,75,January,Saturday,35-44
798,8/4/2023,CUST798,Male,61,Clothing,1,50,50,August,Friday,55-64
799,9/8/2023,CUST799,Male,56,Electronics,2,50,100,September,Friday,55-64
800,2/24/2023,CUST800,Male,32,Clothing,4,300,1200,February,Friday,25-34
801,8/10/2023,CUST801,Male,21,Clothing,4,50,200,August,Thursday,18-24
802,7/5/2023,CUST802,Female,46,Beauty,1,30,30,July,Wednesday,45-54
803,11/22/2023,CUST803,Male,39,Clothing,4,25,100,November,Wednesday,35-44
804,8/24/2023,CUST804,Male,42,Electronics,1,30,30,August,Thursday,35-44
805,12/29/2023,CUST805,Female,30,Beauty,3,500,1500,December,Friday,25-34
806,3/20/2023,CUST806,Female,35,Beauty,3,300,900,March,Monday,35-44
807,8/11/2023,CUST807,Female,50,Electronics,4,50,200,August,Friday,45-54
808,4/1/2023,CUST808,Male,33,Beauty,4,500,2000,April,Saturday,25-34
809,9/25/2023,CUST809,Female,62,Beauty,2,50,100,September,Monday,55-64
810,11/30/2023,CUST810,Male,59,Electronics,4,25,100,November,Thursday,55-64
811,5/19/2023,CUST811,Male,61,Beauty,2,25,50,May,Friday,55-64
812,11/12/2023,CUST812,Male,19,Electronics,3,25,75,November,Sunday,18-24
813,10/3/2023,CUST813,Male,52,Electronics,3,50,150,October,Tuesday,45-54
814,9/5/2023,CUST814,Female,59,Clothing,1,500,500,September,Tuesday,55-64
815,8/27/2023,CUST815,Female,51,Clothing,3,25,75,August,Sunday,45-54
816,8/12/2023,CUST816,Male,47,Beauty,2,500,1000,August,Saturday,45-54
817,10/31/2023,CUST817,Male,30,Beauty,4,50,200,October,Tuesday,25-34
818,5/18/2023,CUST818,Male,30,Electronics,1,500,500,May,Thursday,25-34
819,6/15/2023,CUST819,Female,35,Beauty,2,50,100,June,Thursday,35-44
820,5/6/2023,CUST820,Male,49,Electronics,4,50,200,May,Saturday,45-54
821,2/14/2023,CUST821,Male,49,Electronics,1,300,300,February,Tuesday,45-54
822,5/23/2023,CUST822,Female,52,Beauty,3,50,150,May,Tuesday,45-54
823,8/19/2023,CUST823,Female,56,Electronics,2,50,100,August,Saturday,55-64
824,5/5/2023,CUST824,Male,63,Clothing,4,30,120,May,Friday,55-64
825,8/26/2023,CUST825,Female,46,Beauty,1,25,25,August,Saturday,45-54
826,10/19/2023,CUST826,Female,46,Clothing,1,300,300,October,Thursday,45-54
827,11/9/2023,CUST827,Male,61,Beauty,3,300,900,November,Thursday,55-64
828,12/9/2023,CUST828,Female,33,Electronics,4,300,1200,December,Saturday,25-34
829,7/14/2023,CUST829,Male,61,Beauty,3,30,90,July,Friday,55-64
830,6/22/2023,CUST830,Female,64,Clothing,3,50,150,June,Thursday,55-64
831,1/15/2023,CUST831,Male,27,Electronics,4,25,100,January,Sunday,25-34
832,9/11/2023,CUST832,Male,47,Beauty,4,500,2000,September,Monday,45-54
833,6/16/2023,CUST833,Male,42,Beauty,4,50,200,June,Friday,35-44
834,4/4/2023,CUST834,Female,56,Beauty,2,30,60,April,Tuesday,55-64
835,9/7/2023,CUST835,Male,37,Clothing,4,50,200,September,Thursday,35-44
836,4/19/2023,CUST836,Female,22,Clothing,1,50,50,April,Wednesday,18-24
837,7/1/2023,CUST837,Male,18,Beauty,3,30,90,July,Saturday,18-24
838,5/13/2023,CUST838,Male,47,Electronics,2,300,600,May,Saturday,45-54
839,6/24/2023,CUST839,Female,20,Electronics,4,300,1200,June,Saturday,18-24
840,5/24/2023,CUST840,Male,62,Clothing,2,25,50,May,Wednesday,55-64
841,11/2/2023,CUST841,Male,31,Electronics,4,25,100,November,Thursday,25-34
842,12/26/2023,CUST842,Female,47,Clothing,2,300,600,December,Tuesday,45-54
843,5/22/2023,CUST843,Male,21,Beauty,3,500,1500,May,Monday,18-24
844,10/12/2023,CUST844,Male,35,Clothing,3,50,150,October,Thursday,35-44
845,1/6/2023,CUST845,Male,54,Clothing,1,500,500,January,Friday,45-54
846,9/22/2023,CUST846,Male,42,Beauty,1,50,50,September,Friday,35-44
847,4/8/2023,CUST847,Female,18,Electronics,4,300,1200,April,Saturday,18-24
848,2/13/2023,CUST848,Female,63,Clothing,3,25,75,February,Monday,55-64
849,5/4/2023,CUST849,Male,32,Clothing,2,25,50,May,Thursday,25-34
850,7/28/2023,CUST850,Female,26,Beauty,2,500,1000,July,Friday,25-34
851,9/8/2023,CUST851,Male,32,Electronics,2,25,50,September,Friday,25-34
852,10/12/2023,CUST852,Female,41,Clothing,1,300,300,October,Thursday,35-44
853,5/4/2023,CUST853,Male,21,Beauty,2,500,1000,May,Thursday,18-24
854,12/20/2023,CUST854,Male,29,Clothing,1,50,50,December,Wednesday,25-34
855,9/1/2023,CUST855,Male,54,Beauty,1,25,25,September,Friday,45-54
856,11/27/2023,CUST856,Male,54,Electronics,4,30,120,November,Monday,45-54
857,12/31/2023,CUST857,Male,60,Electronics,2,25,50,December,Sunday,55-64
858,9/9/2023,CUST858,Male,23,Electronics,2,50,100,September,Saturday,18-24
859,8/18/2023,CUST859,Female,56,Electronics,3,500,1500,August,Friday,55-64
860,1/9/2023,CUST860,Male,63,Clothing,4,50,200,January,Monday,55-64
861,2/17/2023,CUST861,Female,41,Clothing,3,30,90,February,Friday,35-44
862,5/31/2023,CUST862,Male,28,Electronics,4,300,1200,May,Wednesday,25-34
863,4/24/2023,CUST863,Female,30,Electronics,2,25,50,April,Monday,25-34
864,7/27/2023,CUST864,Female,51,Electronics,1,500,500,July,Thursday,45-54
865,12/21/2023,CUST865,Female,42,Clothing,1,300,300,December,Thursday,35-44
866,5/5/2023,CUST866,Male,24,Electronics,1,50,50,May,Friday,18-24
867,6/6/2023,CUST867,Male,21,Electronics,1,500,500,June,Tuesday,18-24
868,12/6/2023,CUST868,Female,25,Electronics,1,300,300,December,Wednesday,25-34
869,10/25/2023,CUST869,Male,37,Beauty,3,500,1500,October,Wednesday,35-44
870,7/8/2023,CUST870,Female,46,Electronics,4,30,120,July,Saturday,45-54
871,8/31/2023,CUST871,Male,62,Beauty,2,30,60,August,Thursday,55-64
872,10/11/2023,CUST872,Female,63,Beauty,3,25,75,October,Wednesday,55-64
873,9/29/2023,CUST873,Female,27,Electronics,4,25,100,September,Friday,25-34
874,6/26/2023,CUST874,Male,60,Beauty,1,30,30,June,Monday,55-64
875,8/6/2023,CUST875,Female,51,Electronics,4,500,2000,August,Sunday,45-54
876,10/9/2023,CUST876,Male,43,Clothing,4,30,120,October,Monday,35-44
877,6/19/2023,CUST877,Female,58,Clothing,1,25,25,June,Monday,55-64
878,6/30/2023,CUST878,Female,20,Clothing,1,30,30,June,Friday,18-24
879,12/26/2023,CUST879,Male,23,Clothing,1,30,30,December,Tuesday,18-24
880,8/21/2023,CUST880,Male,22,Beauty,2,500,1000,August,Monday,18-24
881,5/19/2023,CUST881,Male,22,Electronics,1,300,300,May,Friday,18-24
882,6/6/2023,CUST882,Female,64,Electronics,2,25,50,June,Tuesday,55-64
883,5/9/2023,CUST883,Male,40,Electronics,1,500,500,May,Tuesday,35-44
884,4/29/2023,CUST884,Female,26,Clothing,2,30,60,April,Saturday,25-34
885,3/3/2023,CUST885,Female,52,Clothing,4,30,120,March,Friday,45-54
886,4/9/2023,CUST886,Male,37,Electronics,3,300,900,April,Sunday,35-44
887,6/11/2023,CUST887,Male,59,Clothing,4,25,100,June,Sunday,55-64
888,3/3/2023,CUST888,Female,52,Electronics,4,25,100,March,Friday,45-54
889,10/2/2023,CUST889,Female,35,Electronics,1,50,50,October,Monday,35-44
890,12/20/2023,CUST890,Male,34,Electronics,2,25,50,December,Wednesday,25-34
891,4/5/2023,CUST891,Male,41,Electronics,3,300,900,April,Wednesday,35-44
892,4/9/2023,CUST892,Male,20,Electronics,1,50,50,April,Sunday,18-24
893,4/21/2023,CUST893,Male,49,Electronics,1,50,50,April,Friday,45-54
894,9/5/2023,CUST894,Male,52,Electronics,1,30,30,September,Tuesday,45-54
895,5/22/2023,CUST895,Female,55,Clothing,4,30,120,May,Monday,55-64
896,10/29/2023,CUST896,Female,30,Electronics,2,25,50,October,Sunday,25-34
897,9/26/2023,CUST897,Female,64,Electronics,2,50,100,September,Tuesday,55-64
898,11/2/2023,CUST898,Female,42,Clothing,3,30,90,November,Thursday,35-44
899,5/25/2023,CUST899,Male,26,Clothing,2,300,600,May,Thursday,25-34
900,2/21/2023,CUST900,Male,21,Clothing,2,30,60,February,Tuesday,18-24
901,4/10/2023,CUST901,Male,31,Electronics,1,30,30,April,Monday,25-34
902,6/1/2023,CUST902,Female,54,Beauty,1,50,50,June,Thursday,45-54
903,4/27/2023,CUST903,Female,51,Beauty,4,50,200,April,Thursday,45-54
904,7/4/2023,CUST904,Male,28,Clothing,1,500,500,July,Tuesday,25-34
905,4/2/2023,CUST905,Male,58,Beauty,1,300,300,April,Sunday,55-64
906,6/4/2023,CUST906,Female,20,Clothing,1,50,50,June,Sunday,18-24
907,1/8/2023,CUST907,Female,45,Electronics,1,25,25,January,Sunday,45-54
908,12/29/2023,CUST908,Male,46,Beauty,4,300,1200,December,Friday,45-54
909,10/1/2023,CUST909,Male,26,Electronics,1,300,300,October,Sunday,25-34
910,3/6/2023,CUST910,Female,20,Beauty,3,50,150,March,Monday,18-24
911,5/21/2023,CUST911,Male,42,Electronics,3,300,900,May,Sunday,35-44
912,1/24/2023,CUST912,Male,51,Beauty,3,50,150,January,Tuesday,45-54
913,1/28/2023,CUST913,Male,29,Electronics,3,30,90,January,Saturday,25-34
914,10/11/2023,CUST914,Female,59,Electronics,1,500,500,October,Wednesday,55-64
915,5/30/2023,CUST915,Female,26,Beauty,3,30,90,May,Tuesday,25-34
916,12/24/2023,CUST916,Female,32,Electronics,1,50,50,December,Sunday,25-34
917,3/6/2023,CUST917,Female,57,Electronics,4,50,200,March,Monday,55-64
918,11/23/2023,CUST918,Female,42,Electronics,3,30,90,November,Thursday,35-44
919,9/9/2023,CUST919,Female,22,Beauty,2,25,50,September,Saturday,18-24
920,2/22/2023,CUST920,Female,28,Beauty,3,25,75,February,Wednesday,25-34
921,1/7/2023,CUST921,Male,51,Electronics,3,25,75,January,Saturday,45-54
922,10/21/2023,CUST922,Male,41,Electronics,1,50,50,October,Saturday,35-44
923,5/26/2023,CUST923,Male,32,Beauty,3,300,900,May,Friday,25-34
924,8/29/2023,CUST924,Male,55,Beauty,2,50,100,August,Tuesday,55-64
925,9/3/2023,CUST925,Male,25,Electronics,1,300,300,September,Sunday,25-34
926,8/14/2023,CUST926,Male,22,Electronics,1,30,30,August,Monday,18-24
927,6/24/2023,CUST927,Male,43,Electronics,4,500,2000,June,Saturday,35-44
928,4/5/2023,CUST928,Female,35,Clothing,4,300,1200,April,Wednesday,35-44
929,1/27/2023,CUST929,Female,23,Beauty,3,25,75,January,Friday,18-24
930,5/10/2023,CUST930,Male,54,Clothing,4,50,200,May,Wednesday,45-54
931,9/2/2023,CUST931,Male,30,Beauty,4,30,120,September,Saturday,25-34
932,2/28/2023,CUST932,Female,45,Beauty,4,25,100,February,Tuesday,45-54
933,2/3/2023,CUST933,Male,22,Beauty,1,30,30,February,Friday,18-24
934,7/25/2023,CUST934,Male,30,Beauty,1,500,500,July,Tuesday,25-34
935,9/9/2023,CUST935,Female,34,Beauty,1,50,50,September,Saturday,25-34
936,2/7/2023,CUST936,Male,57,Beauty,4,50,200,February,Tuesday,55-64
937,10/23/2023,CUST937,Female,62,Beauty,1,500,500,October,Monday,55-64
938,11/19/2023,CUST938,Male,49,Clothing,4,50,200,November,Sunday,45-54
939,12/18/2023,CUST939,Female,46,Electronics,1,300,300,December,Monday,45-54
940,1/28/2023,CUST940,Female,20,Electronics,1,30,30,January,Saturday,18-24
941,3/19/2023,CUST941,Female,57,Clothing,2,25,50,March,Sunday,55-64
942,3/18/2023,CUST942,Male,51,Clothing,3,500,1500,March,Saturday,45-54
943,10/16/2023,CUST943,Female,57,Clothing,4,300,1200,October,Monday,55-64
944,6/5/2023,CUST944,Male,44,Clothing,2,25,50,June,Monday,35-44
945,2/13/2023,CUST945,Male,30,Beauty,1,25,25,February,Monday,25-34
946,5/8/2023,CUST946,Male,62,Electronics,4,500,2000,May,Monday,55-64
947,3/2/2023,CUST947,Male,50,Beauty,1,300,300,March,Thursday,45-54
948,10/13/2023,CUST948,Female,23,Electronics,3,25,75,October,Friday,18-24
949,8/2/2023,CUST949,Female,41,Electronics,2,25,50,August,Wednesday,35-44
950,11/7/2023,CUST950,Male,36,Clothing,3,300,900,November,Tuesday,35-44
951,11/2/2023,CUST951,Male,33,Beauty,2,50,100,November,Thursday,25-34
952,11/13/2023,CUST952,Female,57,Clothing,1,25,25,November,Monday,55-64
953,4/26/2023,CUST953,Male,45,Beauty,3,30,90,April,Wednesday,45-54
954,9/25/2023,CUST954,Female,50,Electronics,3,300,900,September,Monday,45-54
955,7/14/2023,CUST955,Male,58,Clothing,1,25,25,July,Friday,55-64
956,8/19/2023,CUST956,Male,30,Clothing,3,500,1500,August,Saturday,25-34
957,8/15/2023,CUST957,Female,60,Electronics,4,30,120,August,Tuesday,55-64
958,6/2/2023,CUST958,Male,62,Electronics,2,25,50,June,Friday,55-64
959,10/29/2023,CUST959,Female,42,Electronics,2,30,60,October,Sunday,35-44
960,8/8/2023,CUST960,Male,59,Clothing,2,30,60,August,Tuesday,55-64
961,6/6/2023,CUST961,Male,53,Beauty,4,50,200,June,Tuesday,45-54
962,10/19/2023,CUST962,Male,44,Clothing,2,30,60,October,Thursday,35-44
963,11/14/2023,CUST963,Female,55,Beauty,1,50,50,November,Tuesday,55-64
964,1/31/2023,CUST964,Male,24,Clothing,3,300,900,January,Tuesday,18-24
965,11/9/2023,CUST965,Male,22,Clothing,4,50,200,November,Thursday,18-24
966,2/20/2023,CUST966,Male,60,Electronics,2,500,1000,February,Monday,55-64
967,4/17/2023,CUST967,Male,62,Beauty,1,25,25,April,Monday,55-64
968,11/17/2023,CUST968,Female,48,Clothing,3,300,900,November,Friday,45-54
969,4/19/2023,CUST969,Female,40,Clothing,3,300,900,April,Wednesday,35-44
970,5/16/2023,CUST970,Male,59,Electronics,4,500,2000,May,Tuesday,55-64
971,12/5/2023,CUST971,Female,27,Electronics,4,50,200,December,Tuesday,25-34
972,2/11/2023,CUST972,Male,49,Beauty,4,25,100,February,Saturday,45-54
973,3/22/2023,CUST973,Male,60,Clothing,1,50,50,March,Wednesday,55-64
974,5/3/2023,CUST974,Male,47,Beauty,1,30,30,May,Wednesday,45-54
975,3/30/2023,CUST975,Female,56,Clothing,4,50,200,March,Thursday,55-64
976,10/10/2023,CUST976,Female,48,Beauty,2,300,600,October,Tuesday,45-54
977,2/8/2023,CUST977,Female,35,Electronics,3,25,75,February,Wednesday,35-44
978,3/22/2023,CUST978,Female,53,Clothing,3,50,150,March,Wednesday,45-54
979,1/2/2023,CUST979,Female,19,Beauty,1,25,25,January,Monday,18-24
980,7/29/2023,CUST980,Female,31,Electronics,3,25,75,July,Saturday,25-34
981,8/19/2023,CUST981,Female,30,Electronics,2,30,60,August,Saturday,25-34
982,12/19/2023,CUST982,Female,46,Beauty,3,30,90,December,Tuesday,45-54
983,11/1/2023,CUST983,Female,29,Clothing,1,300,300,November,Wednesday,25-34
984,8/29/2023,CUST984,Male,56,Clothing,1,500,500,August,Tuesday,55-64
985,5/30/2023,CUST985,Female,19,Electronics,2,25,50,May,Tuesday,18-24
986,1/17/2023,CUST986,Female,49,Clothing,2,500,1000,January,Tuesday,45-54
987,4/29/2023,CUST987,Female,30,Clothing,3,300,900,April,Saturday,25-34
988,5/28/2023,CUST988,Female,63,Clothing,3,25,75,May,Sunday,55-64
989,12/28/2023,CUST989,Female,44,Electronics,1,25,25,December,Thursday,35-44
990,5/25/2023,CUST990,Female,58,Beauty,2,500,1000,May,Thursday,55-64
991,12/26/2023,CUST991,Female,34,Clothing,2,50,100,December,Tuesday,25-34
992,8/21/2023,CUST992,Female,57,Electronics,2,30,60,August,Monday,55-64
993,2/6/2023,CUST993,Female,48,Electronics,3,50,150,February,Monday,45-54
994,12/18/2023,CUST994,Female,51,Beauty,2,500,1000,December,Monday,45-54
995,4/30/2023,CUST995,Female,41,Clothing,1,30,30,April,Sunday,35-44
996,5/16/2023,CUST996,Male,62,Clothing,1,50,50,May,Tuesday,55-64
997,11/17/2023,CUST997,Male,52,Beauty,3,30,90,November,Friday,45-54
998,10/29/2023,CUST998,Female,23,Beauty,4,25,100,October,Sunday,18-24
999,12/5/2023,CUST999,Female,36,Electronics,3,50,150,December,Tuesday,35-44
1000,4/12/2023,CUST1000,Male,47,Electronics,4,30,120,April,Wednesday,45-54
